{"train_loss": 2.0813261146346727, "val_loss": 1.5205424179633458, "test_loss": 2.0398776531219482, "lr": 0.0001, "_timestamp": 1718115482.006326, "_runtime": 24.752268075942993, "_step": 0}