{"train_loss": 1.1804074071502935, "lr": 0.0001, "_timestamp": 1718008416.71173, "_runtime": 307.1369619369507, "_step": 9}