{"train_loss": 1.1820939963217825, "val_loss": 1.1243407595902681, "test_loss": 1.0583478212356567, "lr": 0.0001, "_timestamp": 1718008765.971444, "_runtime": 340.0626029968262, "_step": 10}